species,p_value,mean_control,mean_diseased
Vibrio_alginolyticus,,0.0,0.0
Clostridium_saccharolyticum,,0.0,0.0
Dyadobacter_fermentans,,0.0,3.1200020621653644e-06
Selenomonas_bovis,,0.0,0.0
Prevotella_dentalis,,8.260001106698528e-06,0.0
Kingella_potus,0.5701699724963722,0.0004698591051518499,0.0010939893011087558
Microlunatus_soli,,0.0,0.0
Streptococcus_oligofermentans,0.10116105881500473,4.6041740909221957e-05,1.9199997663154847e-06
Leuconostoc_mesenteroides,,0.0,0.0
Hespellia_porcina,,0.0,0.0
Microbacterium_lacticum,,0.0,0.0
Lachnoanaerobaculum_orale,0.6205363102440582,0.0006797568366994493,0.0005367737069494063
Actinomyces_catuli,,0.0,1.5600010310826822e-06
Sphaerochaeta_globosa,1.0,1.9500021032459446e-06,1.5600010310826822e-06
Selenomonas_noxia,0.12122450301291662,0.0014264540796747808,0.0011899544217292084
Pyramidobacter_piscolens,0.3935421945288845,4.75980814228483e-05,0.00015913062098715647
Porphyromonas_catoniae,0.9097218891455553,0.05340942354835865,0.04241467640486857
Sphaerochaeta_pleomorpha,,0.0,0.0
Leptotrichia_buccalis,0.9698499769931556,0.006327935566464082,0.006748537365712555
Bergeriella_denitrificans,0.5036312588983317,4.200000414534911e-06,1.7299979993673419e-06
Blastocatella_fastidiosa,,0.0,6.2500041309402335e-06
Odoribacter_splanchnicus,,0.0,0.0
Aggregatibacter_actinomycetemcomitans,0.8711511457711205,2.7115645176021176e-05,0.0008422706860380675
Prevotella_veroralis,0.8501067391385259,0.012082013748732075,0.00256747447255391
Methylobacterium_komagatae,,0.0,0.0
Chryseobacterium_elymi,,0.0,0.0
Desulfovibrio_fairfieldensis,0.23113699116473263,2.8025264547312967e-05,7.739998563054137e-06
Phenylobacterium_koreense,,0.0,0.0
Prevotella_corporis,,2.690001571082503e-06,0.0
Chryseobacterium_hagamense,,0.0,0.0
Bacteroides_heparinolyticus,0.7213634350694587,0.0007177341917488949,0.00019040405146549314
Neisseria_lactamica,,4.1374741117477596e-05,0.0
Caulobacter_fusiformis,,0.0,9.370006193105599e-06
Staphylococcus_saccharolyticus,,0.0,0.0
Actinomyces_timonensis,0.33046445910149613,0.00015704407522196444,3.7182264806517525e-05
Pinus_thunbergii,,0.0,0.0
Achromobacter_xylosoxidans,0.03173490200213841,1.2789997776603104e-05,7.774247882232145e-05
Actinomyces_naeslundii,0.13747199804672977,0.00014982784368137864,0.0003998247902995888
Snodgrassella_alvi,,0.0,3.0317343434014996e-05
Paludibacter_propionicigenes,0.38701255487244757,7.279995622577608e-06,3.1200020621653644e-06
Anaeroarcus_burkinensis,,0.0,0.0
Weissella_paramesenteroides,,0.0,0.0
Veillonella_criceti,,0.0,0.0
Bilophila_wadsworthia,,0.0,8.570005134630308e-06
Mitsuokella_multacida,,0.0,5.749999300163562e-06
Fusobacterium_necrophorum,,0.0,0.0
Deinococcus_xinjiangensis,,0.0,6.2500041309402335e-06
Bacillus_pumilus,0.5842485531772132,2.2499983112889665e-06,5.109998374482491e-06
Corynebacterium_argentoratense,0.6704052955096476,7.803516093767116e-05,2.614613390673898e-05
Porphyromonas_endodontalis,0.025748080821108063,0.011278439436718052,0.0058732311586270364
Clostridium_hathewayi,,0.0,0.0
Clostridium_perfringens,,0.0,0.0
Acidovorax_caeni,,0.0,0.0
Bulleidia_extructa,0.6064533744042402,0.00010029252026235065,0.00023374055304155057
Ancylobacter_abiegnus,,0.0,0.0
Vogesella_perlucida,,0.0,0.0
Oxalobacter_formigenes,,0.0,0.0
Phocaeicola_abscessus,0.4631036183631356,0.00013423648753068155,0.00018341956724634794
Hydrotalea_flava,,0.0,0.0
Actinomyces_hyovaginalis,,0.0,0.0
Paenibacillus_glycanilyticus,,0.0,0.0
Desulfobulbus_propionicus,0.6704052955096476,4.200000414534911e-06,4.0399954825202745e-06
Capnocytophaga_sputigena,0.6775849579524755,0.005471569399015582,0.009115642570296928
Brachymonas_chironomi,,0.0,0.0
Treponema_maltophilum,0.730294171629937,0.00012150795887734685,0.0001699671522985458
Mogibacterium_neglectum,,0.0,0.0
Lactobacillus_frumenti,,0.0,1.9199997663154847e-06
Neisseria_elongata,0.9698499769931556,0.004634685296974333,0.00441032543360775
Streptococcus_mitis,0.730294171629937,3.300000270441659e-05,4.709049554009526e-05
Clostridium_citroniae,,0.0,0.0
Lactobacillus_reuteri,,0.0,2.7337101551114864e-05
Methylosinus_trichosporium,,0.0,1.5600010310826822e-06
Streptococcus_equi,,0.0,0.0
Prevotella_copri,,0.0,0.0
Actinomyces_oricola,,0.0,1.209355569457199e-05
Bordetella_petrii,,0.0,0.0
Azonexus_fungiphilus,,0.0,0.0
Propionivibrio_dicarboxylicus,,0.0,0.0
Geobacillus_stearothermophilus,,0.0,0.0
Paraprevotella_clara,,0.0,1.7299979993673419e-06
Lactobacillus_vaginalis,,0.0,0.0
Paracoccus_yeei,,0.0,0.0
Peptoniphilus_lacrimalis,,0.0,0.0
Kingella_oralis,0.38395703557388927,0.0003109924084049455,0.0005570242512552559
Staphylococcus_pasteuri,,0.0,0.0
Corynebacterium_glutamicum,,0.0,0.0
Brevundimonas_staleyi,,0.0,0.0
Eubacterium_nodatum,0.2550451754243619,0.000692278777927964,0.0002682401443457687
Peptoniphilus_asaccharolyticus,,0.0,0.0
Actinomyces_suimastitidis,,0.0,0.0
Alloscardovia_omnicolens,,0.0,0.0
Anaerovorax_odorimutans,,2.2899976704790305e-06,0.0
Methylobacterium_hispanicum,,0.0,0.0
Prevotella_maculosa,0.18587673236587576,0.0009722485724991956,0.0007058396649245447
Klebsiella_pneumoniae,,0.0,0.0
Leuconostoc_fallax,,0.0,0.0
Lactobacillus_mucosae,,0.0,1.8260200600532927e-05
Gelria_glutamica,,0.0,0.0
Lactobacillus_delbrueckii,,0.0,0.00012454879787012938
Intestinimonas_butyriciproducens,,2.690001571082503e-06,0.0
Pelospora_glutarica,,1.9500021032459446e-06,0.0
Bifidobacterium_dentium,0.08369666249056641,9.959995913013449e-06,0.0001435299056097242
Capnocytophaga_granulosa,0.7337299956962472,0.005040857870116951,0.0051666990274081195
Treponema_socranskii,0.3447042220069576,0.0004950361701183204,0.0006918295379718147
Gardnerella_vaginalis,,0.0,0.0
Propionibacterium_acidifaciens,0.23113699116473263,0.00011183938614411268,2.9198527386941095e-05
Veillonella_rodentium,1.0,2.1499988767070712e-06,2.1400012821597267e-06
Microbacterium_aurum,,0.0,1.5600010310826822e-06
Salinicoccus_albus,,0.0,0.0
Rothia_aeria,0.47267559351158717,0.011410791827627994,0.02042768805721116
Capnocytophaga_haemolytica,0.3529711643543677,2.9460820286018082e-05,0.0001194470856902686
Thermomonas_brevis,,0.0,1.5600010310826822e-06
Peptostreptococcus_anaerobius,,0.0,0.0
Acinetobacter_gerneri,,0.0,0.0
Escherichia.Shigella_coli,0.5036312588983317,3.0528816631441414e-05,3.4599959987346838e-06
Selenomonas_flueggei,0.9077677647776123,9.623737916466617e-05,0.00012017041679102491
Treponema_bryantii,,8.689997044618228e-06,0.0
Lactuca_sativa,,0.0,6.287934713802566e-05
Rothia_nasimurium,,0.0,0.0
Desulfobulbus_rhabdoformis,0.2302122470181358,6.030464500142491e-05,3.773185335748786e-05
Cloacibacillus_evryensis,,0.0,0.0
Bacillus_circulans,,0.0,0.0
Treponema_vincentii,0.24114462621608423,0.0006007356536502073,0.0005462457527751674
Alloprevotella_tannerae,0.3447042220069576,0.009040606576740147,0.006991609076929179
Porphyromonas_gingivalis,0.5707503880581739,0.016669447529047535,0.009274410365891968
Streptococcus_intermedius,,0.0,1.7299979993673419e-06
Aquicella_siphonis,,0.0,0.0
Rhodococcus_erythropolis,,0.0,0.0
Treponema_porcinum,,8.380005477841983e-06,0.0
Desulfobulbus_elongatus,,0.0,0.0
Enterobacter_ludwigii,,0.0,0.0
Actinomyces_oris,0.3935421945288845,1.3630000648251153e-05,2.3410004145329833e-05
Prevotella_melaninogenica,0.3074894566186813,0.05202857326590743,0.07222154623134516
Proteiniphilum_acetatigenes,,0.0,0.0
Arsenicicoccus_piscis,,0.0,0.0
Pseudoxanthomonas_mexicana,,0.0,3.1200020621653644e-06
Lactococcus_plantarum,,0.0,0.0
Mycoplasma_salivarium,0.3529711643543677,2.0029998589488396e-05,5.3251634849413486e-05
Streptobacillus_moniliformis,0.0464220952173477,0.0044035597828780935,0.00038015141778933586
Kingella_kingae,,0.0,0.0
Tannerella_forsythia,0.14046504815835495,0.0038001299291934485,0.003359552983394622
Pigmentiphaga_daeguensis,,0.0,0.0
Clostridium_cylindrosporum,,0.0,0.0
Flavobacterium_ummariense,,0.0,0.0
Prevotella_jejuni,,0.0,0.0
Solobacterium_moorei,0.9698499769931556,0.00905841195218067,0.007821681575067334
Suttonella_ornithocola,,0.0,0.0
Neisseria_mucosa,0.4273553138978077,0.0033265387438161016,0.006244698197215754
Acholeplasma_brassicae,,0.0,0.0
Campylobacter_curvus,0.8711511457711205,1.0039994634060776e-05,1.9254932948755738e-05
Treponema_parvum,0.23113699116473263,5.3961579272725064e-05,1.977082770149206e-05
Fructobacillus_fructosus,,0.0,0.0
Treponema_lecithinolyticum,0.4672752465502792,0.00013443455217637977,2.155999422837361e-05
Haemophilus_parainfluenzae,0.21229383619233155,0.04440000173709546,0.037087461655460736
Klebsiella_oxytoca,,0.0,0.0
Capnocytophaga_leadbetteri,1.0,0.010057800931017146,0.008951887255696222
Aminomonas_aminovorus,,0.0,0.0
Actinomyces_israelii,,0.0,2.033866777555638e-05
Lachnoanaerobaculum_umeaense,0.6775849579524755,0.0047429417484392425,0.0035370382982693937
Serratia_ureilytica,,0.0,0.0
Selenomonas_infelix,0.27303633975118835,0.0013493475523358544,0.0011888462850379185
Anaerococcus_vaginalis,,0.0,0.0
Actinomyces_turicensis,,0.0,3.380000375115149e-06
Bacillus_funiculus,,0.0,0.0
Acidovorax_valerianellae,,0.0,0.0
Acinetobacter_tjernbergiae,,0.0,0.0
Pediococcus_pentosaceus,,0.0,0.0
Mycoplasma_arginini,,9.359997008445739e-06,0.0
Parvimonas_micra,0.12122450301291662,0.01608556721028833,0.008985461016607178
Vagococcus_lutrae,,0.0,0.0
Orientia_tsutsugamushi,0.27285596848712856,0.00019106587309484499,0.00019892360299583967
Clostridium_symbiosum,,0.0,0.0
Pasteurella_bettyae,,0.0,0.0
Naumannella_halotolerans,1.0,5.380003142165006e-06,6.760000750230298e-06
Enterobacter_mori,,0.0,0.0
Leptotrichia_amnionii,,0.0,0.0
Campylobacter_gracilis,0.9698499769931556,0.0009223842933554442,0.0012330980995687115
Capnocytophaga_gingivalis,0.3447042220069576,0.007600897271375419,0.0038348146542669485
Xanthomonas_oryzae,,0.0,0.0
Neisseria_meningitidis,0.3846730627355087,0.01984710981146913,0.001646938274454879
Murdochiella_asaccharolytica,0.5842485531772132,1.3540003996177644e-05,6.760000750230298e-06
Lactococcus_raffinolactis,,0.0,0.0
Paracoccus_chinensis,,0.0,0.0
Weissella_cibaria,,0.0,0.0
Lachnoanaerobaculum_saburreum,0.570605503511469,0.0004292193884947567,0.00031073659497309156
Bacillus_weihenstephanensis,,0.0,0.0
Deinococcus_radiodurans,,0.0,4.690003099857552e-06
Corynebacterium_propinquum,,0.0,0.0
Prevotella_shahii,0.7614975975683588,0.0012461411718284817,0.001303062352947111
Prevotella_saccharolytica,0.27303633975118835,0.000337960343411049,0.00037194170094245543
Propionicicella_superfundia,,0.0,0.0
Alkaliphilus_crotonatoxidans,,2.2899976704790305e-06,0.0
Moraxella_nonliquefaciens,,0.0,0.0
Elizabethkingia_meningoseptica,,0.0,0.0
Chryseobacterium_piscicola,0.4282580450167388,1.5793525199578674e-05,3.111206733637341e-05
Agrobacterium_larrymoorei,,0.0,0.0
Simkania_negevensis,,0.0,0.0
Eubacterium_sulci,0.4273553138978077,0.0027834637257608983,0.0019292669778758161
Methylobacterium_aerolatum,,0.0,0.0
Treponema_denticola,0.24114462621608423,0.0025357481731472934,0.0016936810742278108
Propionivibrio_limicola,,0.0,0.0
Tepidimonas_fonticaldi,,0.0,0.0
Fuchsiella_alkaliacetigena,,0.0,0.0
Bifidobacterium_breve,,0.0,1.4548287234532168e-05
Aquabacterium_commune,,0.0,0.0
Klebsiella_variicola,,0.0,0.0
Bacillus_coagulans,,0.0,0.0
Psychrobacter_immobilis,,0.0,0.0
Veillonella_parvula,0.7913367801006604,0.0007751883773276891,0.0007883804326576772
Kocuria_kristinae,,0.0,0.0
Peptostreptococcus_russellii,,2.690001571082503e-06,0.0
Aquaspirillum_serpens,,0.0,0.0
Laribacter_hongkongensis,1.0,2.1499988767070712e-06,2.4200018637925067e-06
Weissella_fabaria,,0.0,0.0
Rubellimicrobium_thermophilum,,0.0,0.0
Agrobacterium_albertimagni,,0.0,0.0
Streptococcus_gordonii,0.02287558826455316,7.530002018872077e-06,7.630980894435436e-05
Roseateles_depolymerans,,0.0,0.0
Actinomyces_georgiae,0.40532234382219123,0.0001346063247519413,0.000103697656234508
Vitreoscilla_stercoraria,,0.0,0.0
Streptococcus_rubneri,,0.0,0.0
Eubacterium_pyruvativorans,,0.0,0.0
Delftia_tsuruhatensis,0.6704052955096476,7.899999701851635e-06,4.530000765451433e-06
Propionibacterium_avidum,,0.0,0.0
Atopobium_parvulum,0.6775849579524755,0.007788211465565208,0.008684608204709756
Prosthecobacter_debontii,,0.0,0.0
Pantoea_agglomerans,,0.0,0.0
Neisseria_pharyngis,0.8489805089481078,0.0004366029342116414,0.0006441699828823838
Actinomyces_funkei,,0.0,0.0
Olsenella_uli,0.2350628028300883,6.407387706353563e-05,0.00019325435852336742
Propionibacterium_granulosum,,0.0,0.0
Ralstonia_insidiosa,,0.0,0.0
Niabella_yanshanensis,,0.0,1.5600010310826822e-06
Lactobacillus_oris,1.0,2.790001823768393e-06,1.9199997663154847e-06
Porphyromonas_uenonis,0.5036312588983317,5.380003142165006e-06,2.885124048545805e-05
Peptoniphilus_koenoeneniae,,1.4395275716233178e-05,0.0
Treponema_refringens,0.11334252907708924,0.00013163846130655207,7.012160963951942e-05
Polyangium_brachysporum,0.2795593530933159,2.7399996408096106e-06,1.4400005976786758e-05
Dysgonomonas_oryzarvi,,0.0,0.0
Peptostreptococcus_stomatis,0.08897301170181328,0.007779437194662756,0.00472611001464783
Actinobacillus_succinogenes,,2.629999900743013e-06,0.0
Cardiobacterium_valvarum,0.1613408224336783,0.0004363774218904486,0.0002104129789874597
Gemella_palaticanis,,0.0,0.0
Odoribacter_denticanis,0.6548256938652379,5.199237800086522e-05,8.15747350420211e-05
Enterobacter_hormaechei,,0.0,0.0
Haemophilus_influenzae,0.7337299956962472,0.0004742561394310898,0.0004052953945100844
Prevotella_marshii,0.8468876804079128,0.00012507536870731687,0.00013547406112552528
Rhizobium_cnuense,,0.0,0.0
Burkholderia_multivorans,,0.0,0.0
Acinetobacter_bouvetii,,0.0,0.0
Gemella_haemolysans,0.3846730627355087,0.006315605253105941,0.017108702906809346
Streptococcus_orisasini,,0.0,0.0
Olsenella_profusa,0.8500510248972775,0.0004787228338860645,0.00041816956020908076
Actinobacillus_rossii,,5.100002095739857e-06,0.0
Cryptobacterium_curtum,0.14760325641589783,2.0197199510268993e-05,9.977330163009728e-05
Anoxybacillus_flavithermus,,0.0,5.610005542047053e-06
Acidaminococcus_intestini,,0.0,0.0
Vibrio_rumoiensis,,0.0,1.1219263323355404e-05
Desulfovibrio_piger,,0.0,0.0
Actinomyces_meyeri,0.17215763257408945,1.3219993033891607e-05,6.471513174760208e-05
Pasteurella_multocida,,2.629999900743013e-06,0.0
Negativicoccus_succinicivorans,,0.0,3.8795432618752444e-05
Vagococcus_salmoninarum,,0.0,0.0
Neisseria_bacilliformis,0.8711511457711205,3.750144350336519e-05,0.00019387775637734166
Demetria_terragena,,0.0,0.0
Acidithiobacillus_thiooxidans,0.5036312588983317,2.2899976704790305e-06,0.00034457213444372023
Clostridium_caminithermale,,0.0,0.0
Scardovia_wiggsiae,0.1485030692558927,5.294799566509063e-05,0.00010847275308503846
Propionibacterium_propionicum,0.6774705127728922,0.0007247979812814616,0.0005460151799422715
Sphingobacterium_daejeonense,,0.0,3.1200020621653644e-06
Aquabacterium_parvum,,0.0,0.0
Actinomyces_cardiffensis,0.03173490200213841,0.00015947282472966623,3.253124371259919e-05
Anaerococcus_octavius,,0.0,0.0
Abiotrophia_defectiva,0.07566157214388704,0.0016839752490461443,0.005527377159155249
Brevundimonas_vesicularis,,0.0,0.0
Ruminofilibacter_xylanolyticum,,2.2499983112889665e-06,0.0
Alcanivorax_venustensis,,0.0,0.0
Fusobacterium_canifelinum,,0.0,0.0
Gemella_asaccharolytica,,0.0,0.0
Selenomonas_artemidis,0.13511721277677927,5.460161713930621e-05,0.0009612199711895721
Filifactor_villosus,,0.0,3.380000375115149e-06
Campylobacter_ureolyticus,,0.0,0.0
Asteroleplasma_anaerobium,0.5036312588983317,2.1499988767070712e-06,9.13000629960609e-06
Filifactor_alocis,0.04515456962427901,0.010944904360235062,0.005650564066922435
Moraxella_bovis,,0.0,0.0
Sphingobacterium_multivorum,,0.0,0.0
Methylobacterium_aquaticum,,0.0,0.0
Schlegelella_aquatica,,0.0,6.909992009033717e-06
Paenibacillus_illinoisensis,,0.0,0.0
Neisseria_gonorrhoeae,,0.0,0.0
Mycoplasma_orale,0.01874715760160069,6.328509546812139e-05,4.2800025643194535e-06
Lactobacillus_equicursoris,,0.0,0.0
Cytophaga_fermentans,,0.0,0.0
Corynebacterium_mustelae,,0.0,0.0
Flavobacterium_resistens,,0.0,0.0
Butyrivibrio_proteoclasticus,0.7562217044097798,2.4437242832093934e-05,2.3490832909765654e-05
Eubacterium_desmolans,,0.0,0.0
Fretibacterium_fastidiosum,0.16197241048012612,0.002544637337278847,0.0016566404456932436
Kurthia_gibsonii,,0.0,0.0
Prevotella_timonensis,,0.0,0.0
Lactococcus_fujiensis,,0.0,0.0
Coprococcus_comes,,0.0,0.0
Catabacter_hongkongensis,,0.0,0.0
Prevotella_oris,0.025748080821108063,0.0022677453184280455,0.006742352470328515
Paracoccus_sphaerophysae,,0.0,4.690003099857552e-06
Mycoplasma_feliminutum,1.0,1.614423113896069e-05,2.1400012821597267e-06
Prevotella_nigrescens,0.6775849579524755,0.006385512123840828,0.007381967408790198
Shinella_yambaruensis,,0.0,1.5600010310826822e-06
Pasteurella_pneumotropica,0.3059045056966849,4.5816041154376866e-05,1.9779989873495378e-05
Prevotella_disiens,,0.0,0.0
Chryseobacterium_bovis,,0.0,0.0
Nocardioides_tritolerans,,0.0,0.0
Bdellovibrio_bacteriovorus,,0.0,0.0
Streptococcus_downei,,0.0,2.800002766084091e-06
Petrobacter_succinatimandens,,0.0,0.0
Natranaerovirga_hydrolytica,0.10116105881500473,1.5370000217807055e-05,1.7299979993673419e-06
Lactobacillus_gasseri,,0.0,8.66999604298172e-06
Desulfovibrio_legallii,,0.0,0.0
Desulfovibrio_vulgaris,,0.0,0.0
Neisseria_dentiae,0.4562028338837304,4.399997187996037e-06,2.769771238120796e-05
Cronobacter_sakazakii,,0.0,0.0
Stenoxybacter_acetivorans,,0.0,0.0
Bacillus_subtilis,,0.0,0.0
Corynebacterium_falsenii,,0.0,0.0
Christensenella_minuta,,0.0,0.0
Streptococcus_cristatus,,0.0,6.839996373849832e-06
Bacillus_ginsengihumi,,2.690001571082503e-06,0.0
Mitsuokella_jalaludinii,,0.0,1.9199997663154847e-06
Eggerthia_catenaformis,,0.0,2.2890829763657428e-05
Enterococcus_faecalis,,0.0,0.0
Slackia_exigua,0.5624049275942742,0.00012745711845322792,0.00016538325529897807
Acinetobacter_baylyi,,0.0,0.0
Comamonas_denitrificans,,0.0,0.0
Sporanaerobacter_acetigenes,,8.070004713247508e-06,0.0
Brevundimonas_viscosa,,0.0,0.0
Actinobacillus_porcinus,,0.0,1.820589953156073e-05
Achromobacter_denitrificans,,0.0,0.0
Prevotella_falsenii,,0.0,0.0
Acinetobacter_bereziniae,,0.0,0.0
Gemella_morbillorum,0.9097218891455553,0.0028561335637656026,0.004432602071618084
Serratia_marcescens,,0.0,0.0
Prevotella_multiformis,0.5906827555913553,0.0009590070170106548,0.0005786825720917597
Lactobacillus_casei,,0.0,1.9199997663154847e-06
Weissella_ghanensis,,0.0,0.0
Corynebacterium_matruchotii,0.5205228832757727,0.002178407813025372,0.002519511326147011
Limnobacter_thiooxidans,,0.0,1.5618665243156804e-05
Mobiluncus_mulieris,0.8310907900849374,4.228850781549458e-05,6.063403246403801e-05
Serratia_liquefaciens,,0.0,0.0
Staphylococcus_sciuri,,0.0,0.0
Streptococcus_thermophilus,0.5205228832757727,0.0024554482087145993,0.0035286677953978345
Leptotrichia_trevisanii,0.5205228832757727,0.004306294004206295,0.0008319728615627863
Leuconostoc_citreum,,0.0,0.0
Streptococcus_pyogenes,,0.0,1.9199997663154847e-06
Staphylococcus_epidermidis,,0.0,0.0
Lactobacillus_brevis,,0.0,0.0
Moraxella_canis,,0.0,0.0
Pseudomonas_cichorii,,0.0,0.0
Barnesiella_viscericola,,0.0,8.979996888718106e-06
Bacteroides_pyogenes,,0.0,0.0
Conchiformibius_steedae,,0.0,2.4200018637925067e-06
Telmatospirillum_siberiense,,0.0,0.0
Bacteroides_intestinalis,0.7333439595749962,0.00012628604842023435,9.842393218206958e-05
Actinobacillus_ureae,,0.0,0.0
Daucus_carota,,0.0,0.0
Chryseobacterium_anthropi,,0.0,0.0
Trichococcus_flocculiformis,,0.0,0.0
Prevotella_aurantiaca,0.5114963639682382,0.011325027187696506,0.009381984371046773
Tetragenococcus_osmophilus,,0.0,0.0
Aeromonas_veronii,,0.0,0.0
Atopostipes_suicloacalis,,0.0,0.0
Streptococcus_lactarius,0.4961297149428171,0.004075588925895123,0.00568214268943197
Actinomyces_viscosus,0.6704052955096476,7.019997756334303e-06,6.7700035016021204e-06
Actinomyces_radicidentis,,0.0,0.0
Brachymonas_denitrificans,0.9694454571701977,0.00019853435885188882,0.0003674453573339029
Propionibacterium_australiense,,0.0,0.0
Campylobacter_showae,0.4946648397254585,0.0012974446145200024,0.0006606613232877294
Chryseobacterium_hominis,,0.0,0.0
Schwartzia_succinivorans,0.08897301170181328,0.00032010564295756837,0.0002849505838453606
Acinetobacter_johnsonii,,0.0,0.0
Pasteurella_langaaensis,,0.0,0.0
Mannheimia_haemolytica,,0.0,0.0
Propionivibrio_pelophilus,,0.0,0.0
Aeromonas_hydrophila,,0.0,0.0
Wautersiella_falsenii,,0.0,3.380000375115149e-06
Pseudomonas_aeruginosa,,0.0,2.1400012821597267e-06
Jonesia_denitrificans,,0.0,0.0
Prevotella_bivia,0.5036312588983317,7.109998719793739e-06,1.5600010310826822e-06
Sediminibacterium_salmoneum,,0.0,0.0
Lautropia_mirabilis,0.18587673236587576,0.026455487596433746,0.041651446788253256
Lactobacillus_paracasei,,0.0,0.0
Acinetobacter_haemolyticus,,0.0,0.0
Streptococcus_sinensis,0.5446699621463623,0.0002679532310804011,0.0002059764467707827
Succiniclasticum_ruminis,0.6704052955096476,4.5800020039889575e-06,3.380000375115149e-06
Haemophilus_ducreyi,,0.0,0.0
Prevotella_oulorum,0.7337299956962472,0.0015761196686057827,0.0012758494263078288
Haemophilus_haemoglobinophilus,,2.629999900743013e-06,0.0
Mycoplasma_auris,,0.0,0.0
Lactobacillus_fermentum,,0.0,0.00010019490236634042
Streptococcus_peroris,0.5184312812106575,4.969999152854448e-06,1.008000480322711e-05
Porphyromonas_circumdentaria,0.5842485531772132,2.410000524657354e-06,8.32000178131298e-06
Granulicatella_balaenopterae,,2.410000524657354e-06,0.0
Psychrobacter_sanguinis,,0.0,0.0
Sphingobacterium_kyonggiense,,0.0,0.0
Stomatobaculum_longum,0.18587673236587576,0.007092281284142556,0.004863550719391179
Albidiferax_ferrireducens,,0.0,0.0
Xylanibacter_oryzae,,0.0,0.0
Cellvibrio_mixtus,,0.0,0.0
Eubacterium_brachy,0.3067609561706547,0.0027679731795851575,0.002136263283242222
Campylobacter_mucosalis,,0.0,0.0
Acinetobacter_calcoaceticus,,0.0,0.0
Veillonella_rogosae,0.9698499769931556,0.009358276240646177,0.010536771236982783
Haemophilus_pittmaniae,0.3844942826161789,0.0011384655059655273,0.0008909312311867654
Bacillus_endophyticus,,0.0,0.0
Bosea_minatitlanensis,,0.0,1.5600010310826822e-06
Cellulosilyticum_ruminicola,,0.0,0.0
Lampropedia_hyalina,,0.0,0.0
Treponema_pectinovorum,1.0,1.0947205654915481e-05,1.3520823570551828e-05
Veillonella_tobetsuensis,0.9077677647776123,9.840615142477217e-05,8.245144392750383e-05
Neisseria_oralis,0.21212191786139534,0.01501858757622907,0.00547651080328006
Mogibacterium_timidum,0.5036312588983317,6.739994941372282e-06,1.5739990042701476e-05
Prevotella_histicola,0.47267559351158717,0.016890623130472873,0.02018945033294855
Staphylococcus_kloosii,,0.0,0.0
Acinetobacter_schindleri,,0.0,0.0
Lactobacillus_johnsonii,,0.0,3.829999533848077e-06
Hydrocarboniphaga_daqingensis,,0.0,0.0
Cellvibrio_fibrivorans,,0.0,0.0
Treponema_calligyrum,,0.0,0.0
Austwickia_chelonae,,0.0,0.0
Prevotella_fusca,0.8941551428492122,0.0007242249364430467,0.0002185192550938209
Campylobacter_rectus,0.9568829891119314,6.0500030831989595e-06,7.159997544685639e-06
Streptococcus_equinus,0.18587673236587576,0.00014347633425291145,0.0002216290470801571
Dorea_formicigenerans,,0.0,0.0
Sphingomonas_koreensis,,0.0,0.0
Tetragenococcus_halophilus,,0.0,0.0
Lactobacillus_iners,,0.0,0.0
Lactobacillus_amylovorus,,0.0,0.0
Moraxella_lacunata,,2.629999900743013e-06,0.0
Lysobacter_pocheonensis,,0.0,4.690003099857552e-06
Flavisolibacter_ginsengiterrae,,0.0,0.0
Arthrobacter_uratoxydans,,0.0,0.0
Morococcus_cerebrosus,0.5036312588983317,2.410000524657354e-06,1.3980010034892723e-05
Lysinibacillus_sphaericus,,0.0,0.0
Mycoplasma_phocidae,,0.0,0.0
Actinobaculum_schaalii,,0.0,0.0
Aerococcus_urinae,,0.0,0.0
Dechloromonas_agitata,,0.0,0.0
Staphylococcus_gallinarum,,0.0,0.0
Flectobacillus_roseus,,0.0,0.0
Capnocytophaga_ochracea,0.6231762238821174,0.002334160541003456,0.0035451034940913915
Rhodobacter_blasticus,,0.0,3.1200020621653644e-06
Tepidicella_xavieri,,0.0,0.0
Veillonella_denticariosi,0.2795593530933159,3.900004206491889e-06,5.685872731346354e-05
Streptococcus_caballi,,2.690001571082503e-06,0.0
Acholeplasma_parvum,,0.0,0.0
Mycoplasma_faucium,0.21160560249578764,0.001048115176441824,0.0006746511023013248
Aeromonas_salmonicida,,0.0,0.0
Ralstonia_mannitolilytica,,0.0,0.0
Leptotrichia_wadei,0.47267559351158717,0.009364533324294894,0.010581328034744961
Pisum_sativum,,0.0,0.0
Dolosigranulum_pigrum,,0.0,0.0
Deinococcus_ficus,,0.0,3.2799197018629285e-05
Deinococcus_alpinitundrae,,0.0,0.0
Dialister_propionicifaciens,,0.0,0.0
Eubacterium_saphenum,0.171996585262853,0.0009802679926803712,0.0009599989143171579
Fusobacterium_russii,0.4562028338837304,7.109998719793739e-06,0.0001001215530017929
Luteibacter_yeojuensis,,0.0,1.5600010310826822e-06
Allisonella_histaminiformans,,0.0,2.4917099687322357e-05
Aureimonas_ureilytica,,0.0,0.0
Cedecea_davisae,,0.0,0.0
Bacillus_megaterium,,0.0,0.0
Prevotella_buccae,0.9698045577720108,0.0005529384858052721,0.0006310309361685171
Ottowia_pentelensis,0.3759553785047234,5.430001211892114e-06,1.909493413115971e-05
Eubacterium_yurii,0.14046504815835495,0.0032607657262409494,0.0013746179001199142
Dermabacter_hominis,,0.0,0.0
Corynebacterium_variabile,,0.0,4.839996509133643e-06
Streptococcus_canis,,0.0,0.0
Parascardovia_denticolens,,0.0,9.200159883242103e-05
Mucilaginibacter_frigoritolerans,,0.0,0.0
Sphingomonas_dokdonensis,,0.0,0.0
Mitsuaria_chitosanitabida,,0.0,0.0
Prevotella_albensis,,0.0,0.0
Arthrobacter_woluwensis,,0.0,0.0
Megasphaera_elsdenii,,0.0,3.829999533848077e-06
Peredibacter_starrii,,0.0,0.0
Haemophilus_sputorum,0.03691851724288464,0.0018372215588416349,0.00108839385634084
Veillonella_magna,,0.0,0.0
Johnsonella_ignava,0.5005351170229524,0.0001668773888991603,0.00013067433005319902
Treponema_pedis,0.03571153595057968,0.0002634276993044888,3.2305542899419136e-05
Lactobacillus_coleohominis,,0.0,1.9199997663154847e-06
Kocuria_palustris,,0.0,0.0
Cardiobacterium_hominis,0.3447042220069576,0.0011382656487694772,0.0007203738039564108
Staphylococcus_saprophyticus,,2.2499983112889665e-06,0.0
Alloprevotella_rava,0.9698499769931556,0.019634646503007596,0.011024808965052157
Sphingomonas_humi,,0.0,0.0
Lactobacillus_pobuzihii,,0.0,0.0
Leptotrichia_goodfellowii,0.3074894566186813,0.000411532081460123,0.0002190091113319121
Prevotella_pallens,0.7337299956962472,0.02487526865512287,0.016336387783153515
Selenomonas_sputigena,0.07566157214388704,0.004316157366830095,0.0021341922841889077
Prevotella_dentasini,,0.0,0.0
Cloacibacterium_normanense,,0.0,0.0
Terrahaemophilus_aromaticivorans,,0.0,0.0
Propionigenium_maris,,0.0,0.0
Neisseria_canis,0.2834925797415131,0.00023191323051162724,0.0006007591166350232
Planobacterium_taklimakanense,0.186009244408745,2.7123526883507795e-05,1.3819990276385991e-05
Haemophilus_parahaemolyticus,0.9395156100435313,0.0011665984231563856,0.004884901041152552
Streptococcus_iniae,,0.0,0.0
Streptococcus_infantis,0.5642483162786271,3.5026787822326764e-05,1.8079988544700837e-05
Alistipes_indistinctus,,0.0,0.0
Gemella_bergeri,,0.0,0.0
Rothia_dentocariosa,0.16197241048012612,0.002900110704978998,0.012994757092701176
Dyadobacter_beijingensis,,0.0,0.0
Weissella_viridescens,,0.0,0.0
Veillonella_caviae,,2.2499983112889665e-06,0.0
Riemerella_anatipestifer,,4.439996547186102e-06,0.0
Tissierella_praeacuta,,2.690001571082503e-06,0.0
Acinetobacter_guillouiae,,0.0,0.0
Lactobacillus_rossiae,,0.0,0.0
Actinomyces_odontolyticus,0.7913367801006604,0.04188456221537124,0.05202316441068733
Streptococcus_urinalis,,0.0,0.0
Anaerospora_hongkongensis,,0.0,0.0
Pseudoramibacter_alactolyticus,0.10116105881500473,5.380003142165006e-06,9.338192224182327e-05
Streptococcus_parasanguinis,0.4479800369317226,4.8415883150865464e-05,5.7526993034420946e-05
Acinetobacter_ursingii,,0.0,0.0
Mycoplasma_sualvi,,0.0,0.0
Streptococcus_oralis,0.034857087101444084,5.0400001350573596e-06,2.4079987068780476e-05
Eubacterium_infirmum,0.0211339281291611,0.0006419836600975095,0.0002190544348620531
Prevotella_scopos,0.8085426673079654,0.00014477240719023342,0.00027243791769187144
Methanobrevibacter_wolinii,,0.0,0.0
Streptococcus_australis,1.0,4.2999977534141425e-06,4.0399954825202745e-06
Undibacterium_oligocarboniphilum,,0.0,0.0
Lelliottia_amnigena,,0.0,0.0
Helianthus_annuus,,0.0,0.0
Novosphingobium_aromaticivorans,,0.0,1.2494932198525441e-05
Gemella_sanguinis,0.6231762238821174,0.0037399235096071287,0.0073484852200539855
Soonwooa_buanensis,0.8182294443658906,0.00015363889276740305,0.0006881502508063384
Syntrophomonas_palmitatica,1.0,1.9500021032459446e-06,3.380000375115149e-06
Actinomyces_bowdenii,,0.0,1.7299979993673419e-06
Streptococcus_anginosus,0.3067609561706547,0.00021131888130822206,0.00012747773149837915
Meiothermus_silvanus,,0.0,0.0
Streptococcus_sanguinis,0.47267559351158717,0.01563664239500901,0.025543555844677195
Atopobium_rimae,0.1618146063370115,0.0006230900116504186,0.0008390954579240815
Actinomyces_denticolens,,2.2899976704790305e-06,0.0
Acinetobacter_lwoffii,,0.0,0.0
Myroides_phaeus,,0.0,0.0
Clostridium_ultunense,0.5036312588983317,2.690001571082503e-06,7.419995857635424e-06
Clostridium_glycolicum,,0.0,0.0
Eubacterium_cylindroides,,0.0,0.0
Denitrobacterium_detoxificans,1.0,2.690001571082503e-06,2.4200018637925067e-06
Campylobacter_lanienae,,0.0,1.5600010310826822e-06
Bacillus_thuringiensis,,0.0,0.0
Kingella_denitrificans,0.969838641404833,0.0006298831105465603,0.001948909913671426
Dialister_invisus,0.8501067391385259,0.0018374544318219767,0.0023084078586077727
Thermus_thermophilus,,0.0,4.850003735286635e-06
Acholeplasma_axanthum,,0.0,0.0
Methylobacterium_adhaesivum,,0.0,0.0
Veillonella_dispar,0.5205228832757727,0.017108554834846548,0.038096815678999654
Micrococcus_luteus,,0.0,3.4599959987346838e-06
Peptoniphilus_harei,,0.0,0.0
Prevotella_amnii,,0.0,1.3520823570551828e-05
Synergistes_jonesii,0.8711511457711205,1.9775278858398185e-05,9.13000629960609e-06
Duganella_nigrescens,,0.0,0.0
Brevibacterium_casei,,0.0,0.0
Dichelobacter_nodosus,,0.0,0.0
Sutterella_wadsworthensis,,0.0,0.0
Dialister_succinatiphilus,1.0,4.2999977534141425e-06,2.3000399710605255e-05
Enterococcus_sulfureus,,0.0,0.0
Cellvibrio_fulvus,,0.0,0.0
Methanobrevibacter_oralis,,0.0,0.0
Chthoniobacter_flavus,,0.0,1.5600010310826822e-06
Erwinia_rhapontici,,0.0,0.0
Propionibacterium_acidipropionici,,0.0,0.0
Atopobium_vaginae,0.5036312588983317,2.790001823768393e-06,3.196304852221212e-05
Actinobacillus_pleuropneumoniae,,0.0,2.4200018637925067e-06
Azospira_oryzae,,0.0,0.0
Rothia_mucilaginosa,0.6231762238821174,0.07800208999289768,0.08570067820652687
Eubacterium_minutum,0.5842485531772132,1.6420808487373223e-05,3.087164666495174e-05
Neisseria_flavescens,0.7913367801006604,0.023531184442745403,0.026535035641842487
Elusimicrobium_minutum,,0.0,0.0
Clostridium_aminobutyricum,0.06254128696758936,0.0001325834726410572,4.343934230481893e-05
Pedobacter_boryungensis,,0.0,1.5600010310826822e-06
Catonella_morbi,0.21229383619233155,0.009321319565791648,0.00512229430958395
Prevotella_intermedia,0.7337299956962472,0.016741987561100576,0.012185650567458474
Actinobaculum_massiliense,0.33046445910149613,2.7399996408096106e-06,9.05000597336443e-06
Uruburuella_suis,,2.2499983112889665e-06,0.0
Granulicatella_adiacens,0.5624049275942742,2.4190005512594156e-05,2.8145914073838944e-05
Roseomonas_vinacea,,0.0,0.0
Lactobacillus_tucceti,,0.0,0.0
Streptococcus_salivarius,0.2795593530933159,2.790001823768393e-06,2.2239054834595376e-05
Leptotrichia_hofstadii,0.4273553138978077,0.0028584643692628696,0.0025670267089062415
Buttiauxella_agrestis,,0.0,0.0
Acetivibrio_ethanolgignens,,0.0,0.0
Simonsiella_muelleri,0.5348677310250022,0.00015257895393039643,5.2783460497727826e-05
Eikenella_corrodens,0.3846730627355087,0.0006929374488163541,0.0011350049331070376
Sphingobacterium_hotanense,,0.0,2.3427997864735202e-05
Lonepinella_koalarum,,0.0,0.0
Prevotella_enoeca,0.7845857603861759,6.547876390566229e-05,0.00017920831193332925
Enterococcus_italicus,,0.0,0.0
Cupriavidus_gilardii,,0.0,0.0
Streptococcus_sobrinus,,0.0,0.0
Bavariicoccus_seileri,,0.0,0.0
Olsenella_umbonata,,0.0,0.0
Perlucidibaca_piscinae,,0.0,0.0
Prevotella_baroniae,0.9095864090443472,0.0007026967499917323,0.0006518368758635673
Myroides_marinus,,4.2999977534141425e-06,0.0
Bacteroides_acidifaciens,0.6156417277942268,2.2720002959458703e-05,2.6890000530545848e-05
Streptococcus_suis,,0.0,0.0
Butyrivibrio_hungatei,0.4923757251323919,8.425284144187664e-05,0.0001740419943053611
Ralstonia_solanacearum,,0.0,0.0
Finegoldia_magna,,0.0,0.0
Atopobacter_phocae,,0.0,0.0
Lactobacillus_gastricus,,0.0,0.0
Acinetobacter_junii,1.0,4.489996630083315e-06,1.7299979993673419e-06
Lactobacillus_ingluviei,,0.0,0.0
Ornatilinea_apprima,,0.0,0.0
Howardella_ureilytica,0.10116105881500473,1.5230000449623869e-05,1.9199997663154847e-06
Saccharofermentans_acetigenes,1.0,2.790001823768393e-06,3.829999533848077e-06
Nocardioides_fulvus,,0.0,0.0
Chryseobacterium_kwangjuense,0.8711511457711205,4.559999401364425e-06,4.060001048475211e-06
Leptotrichia_hongkongensis,0.16197241048012612,0.0008183847929318481,0.0014023746729642894
Treponema_amylovorum,0.21212191786139534,0.0016269184484984257,0.0008244811796239305
Staphylococcus_aureus,,0.0,0.0
Enterobacter_cloacae,,0.0,0.0
Campylobacter_fetus,,0.0,0.0
Agromyces_rhizospherae,,0.0,0.0
Corynebacterium_jeikeium,,0.0,0.0
Lactobacillus_rhamnosus,,0.0,0.0
Streptococcus_agalactiae,0.5842485531772132,8.009999441918234e-06,2.800002766084091e-06
Brevundimonas_kwangchunensis,,0.0,1.5600010310826822e-06
Desulfomicrobium_orale,1.0,5.380003142165006e-06,2.36614412459657e-05
Scardovia_inopinata,,0.0,0.0
Massilia_timonae,,0.0,0.0
Gemmata_obscuriglobus,,0.0,0.0
Pantoea_endophytica,,0.0,0.0
Prevotella_salivae,0.6231762238821174,0.00913299818130207,0.011411889255468993
Corynebacterium_kroppenstedtii,,0.0,6.760000750230298e-06
Gemella_cuniculi,,0.0,0.0
Aggregatibacter_aphrophilus,0.7337299956962472,0.005701381135368427,0.006873017990287776
Sneathia_sanguinegens,0.6704052955096476,8.97999326016663e-06,4.940001406197832e-06
Lactobacillus_panis,,0.0,0.0
Alysiella_crassa,,0.0,0.0
Deinococcus_geothermalis,,0.0,0.0
Bacteroides_nordii,,0.0,0.0
Acidaminococcus_fermentans,0.6704052955096476,6.190001876970919e-06,4.0250699491059194e-05
Bacteriovorax_stolpii,,0.0,0.0
Acholeplasma_palmae,,5.380003142165006e-06,0.0
Thermus_brockianus,,0.0,0.0
Ceratophyllum_demersum,,0.0,0.0
Selenomonas_ruminantium,0.5842485531772132,2.410000524657354e-06,4.2999976548015164e-06
Clostridium_aminovalericum,,0.0,0.0
Paracoccus_aminophilus,,0.0,0.0
Corynebacterium_sputi,,1.9500021032459446e-06,0.0
Pleomorphomonas_koreensis,,0.0,0.0
Pantoea_stewartii,,0.0,0.0
Lactobacillus_plantarum,,0.0,0.0
Streptococcus_mutans,0.6704052955096476,3.0737438712448945e-05,2.094360534578389e-05
Treponema_medium,0.08897301170181328,0.003891488139159562,0.0018858643271391896
Curvibacter_fontanus,,0.0,0.0
Moraxella_osloensis,,0.0,0.0
Actinomyces_lingnae,0.12122450301291662,0.0014095844436114557,0.002260634204743311
Flavonifractor_plautii,,0.0,0.0
Actinomyces_massiliensis,0.2322841305781137,0.00021446132647749282,2.3383069466861184e-05
Aggregatibacter_segnis,0.9698499769931556,0.015901805892047902,0.015105739554580725
Prevotella_pleuritidis,0.23124249716061973,0.0008704000430192584,0.002882671544813511
Macrococcus_caseolyticus,,0.0,0.0
Prevotella_ruminicola,0.514940185830185,7.64129120965689e-05,0.00026094043486195437
Leuconostoc_lactis,,0.0,0.0
Bacteroides_vulgatus,,0.0,0.0
Peptoniphilus_indolicus,,1.3656153159342443e-05,0.0
Propionibacterium_acnes,,0.0,9.149993857002765e-06
Moryella_indoligenes,1.0,5.200002348425747e-06,4.360003797166773e-06
Chryseobacterium_stagni,,0.0,0.0
Prevotella_paludivivens,0.21428947867143555,1.596999882719096e-05,2.0281235350827742e-05
Fusobacterium_nucleatum,0.9097218891455553,0.023111258651584667,0.020954461546815954
Klebsiella_alba,,0.0,0.0
Altererythrobacter_dongtanensis,,0.0,0.0
Prevotella_nanceiensis,0.5707503880581739,0.008921092969953838,0.008031444366216323
Agrobacterium_tumefaciens,1.0,2.2899976704790305e-06,4.0399954825202745e-06
Corynebacterium_durum,0.04515456962427901,0.0013136812041738273,0.0036015583809448823
Peptococcus_niger,0.3074894566186813,0.00107143658579885,0.000746847341801829
Fusobacterium_periodonticum,0.4273553138978077,0.060591143113814784,0.02600724900459945
Rahnella_aquatilis,,0.0,0.0
Herbaspirillum_seropedicae,,0.0,0.0
Thermobaculum_terrenum,,0.0,0.0
Klebsiella_granulomatis,,0.0,0.0
Wolinella_succinogenes,0.14971082418939283,3.2048095739384975e-05,8.069990976222431e-06
Corynebacterium_afermentans,,0.0,0.0
Prevotella_loescheii,0.24132159301718004,0.001405134362896621,0.0024370875882140457
Actinomyces_gerencseriae,0.6490364230072798,5.776873855971148e-05,1.9110001333026407e-05
Yersinia_rohdei,,0.0,0.0
Prevotella_oralis,0.9053711701409971,7.419487364812374e-05,6.964442803542244e-05
Acinetobacter_soli,,0.0,0.0
Porphyromonas_asaccharolytica,,0.0,0.0
Piscicoccus_intestinalis,,0.0,0.0
Streptococcus_pneumoniae,0.5205228832757727,0.0011080871708668348,0.0012561840688023363
Nocardioides_ginsengagri,,0.0,4.690003099857552e-06
Stenotrophomonas_maltophilia,,0.0,0.0
Butyrivibrio_fibrisolvens,0.4562028338837304,4.969999152854448e-06,2.9141037297669003e-05
Lactococcus_lactis,,0.0,0.0
Bacteroides_thetaiotaomicron,,0.0,0.0
Prevotella_denticola,0.9097218891455553,0.002964285022749845,0.006180616996739661
Tetracoccus_cechii,,0.0,0.0
Acinetobacter_baumannii,1.0,2.790001823768393e-06,7.259994763700465e-06
Porphyromonas_gulae,0.8085426673079654,0.00013323301170476914,1.4409999843373843e-05
Anaerococcus_lactolyticus,,0.0,0.0
Mycoplasma_lipophilum,,0.0,0.0
Neisseria_subflava,0.10410988966022681,0.01664282662754195,0.006331093904919663
Kocuria_rhizophila,,0.0,3.4599959987346838e-06
Lactococcus_garvieae,,0.0,0.0
Lactobacillus_helveticus,,0.0,1.6339999584241938e-05
Pectinatus_brassicae,,0.0,2.1400012821597267e-06
Flavobacterium_limicola,,0.0,0.0
Streptococcus_constellatus,0.3277922976814811,1.5270007463459397e-05,8.640000150464993e-06
Veillonella_atypica,0.47267559351158717,0.007453039109254522,0.012587137569129042
Buchnera_aphidicola,,0.0,0.0
Mesorhizobium_amorphae,,0.0,0.0
Brooklawnia_cerclae,1.0,4.569995351130641e-06,5.179994009666375e-06
Sphaerotilus_natans,,0.0,0.0
Selenomonas_dianae,0.018660759324487613,0.0006293822190353037,0.00018545816389976092
Bergeyella_zoohelcum,0.5842485531772132,7.790003666822361e-06,3.829999533848077e-06
Butyricicoccus_pullicaecorum,,0.0,0.0
Treponema_succinifaciens,0.07887745278298923,0.0009620529577488443,0.0002502604538389161
Bordetella_ansorpii,,0.0,0.0
Enterococcus_cecorum,,0.0,0.0
Citrobacter_freundii,,0.0,0.0
Chryseobacterium_jejuense,,0.0,1.405679872084112e-05
Dialister_pneumosintes,0.21160560249578764,0.0010621536455978073,0.0005324232353163687
Bacillus_amyloliquefaciens,,0.0,0.0
Blastococcus_aggregatus,,0.0,0.0
Nocardioides_alpinus,,0.0,0.0
Moraxella_bovoculi,0.12358420113551419,0.00037621327026921974,4.0399954825202745e-06
Methanomassiliicoccus_luminyensis,,0.0,0.0
Comamonas_aquatica,,0.0,0.0
Yersinia_pseudotuberculosis,,0.0,0.0
Pseudoxanthomonas_spadix,,0.0,0.0
Dialister_micraerophilus,,0.0,0.0
Neisseria_macacae,0.8711511457711205,5.320001471825516e-06,1.2919994711509065e-05
Lactobacillus_salivarius,0.12358420113551419,5.590003654073589e-06,0.00010761237565163427
Treponema_putidum,0.7562217044097798,3.932867078407995e-05,6.886349118219242e-05
Prevotella_multisaccharivorax,0.6490364230072798,7.331406934877521e-05,0.00025202188780787177
Weissella_confusa,,0.0,0.0
Actinomyces_graevenitzii,0.24132159301718004,0.005123709354855692,0.013693289104878017
Lactobacillus_pontis,,0.0,1.8799994002346948e-06
Veillonella_montpellierensis,,1.9500021032459446e-06,0.0
Neisseria_shayeganii,0.3529711643543677,5.3936651773017115e-05,4.016986050195693e-05
Prevotella_micans,0.09312526876605122,0.0002901549181444728,0.00032075652930418566
Bacillus_cereus,,0.0,0.0
Rhizobium_cellulosilyticum,,0.0,0.0
Microlunatus_phosphovorus,,0.0,0.0
Haemophilus_haemolyticus,0.7912601064031788,0.0014807477466339096,0.0019154701510706157
Shuttleworthia_satelles,1.0,0.00033387878332509236,0.0005901630816563016
Moraxella_boevrei,1.0,4.820001049314708e-06,4.0399954825202745e-06
Campylobacter_concisus,0.5707503880581739,0.005677589462524344,0.004598915934957434
Neisseria_sicca,0.4282580450167388,0.00022701861823736224,2.0809995293832353e-05
Fusobacterium_equinum,,0.0,0.0
Porphyromonas_canoris,,0.0,0.0
Megasphaera_micronuciformis,0.6231762238821174,0.01869501744800835,0.024166565381656582
Corynebacterium_accolens,,0.0,0.0
Aquabacterium_citratiphilum,,0.0,6.2500041309402335e-06
Mycoplasma_spermatophilum,,0.0,0.0
Mycoplasma_hyosynoviae,,0.0,0.0
Morganella_morganii,,0.0,0.0
Treponema_stenostrepta,,0.0,0.0
Thermomonas_haemolytica,,0.0,0.0
Corynebacterium_diphtheriae,,0.0,0.0
Centipeda_periodontii,0.1398679114797594,0.0006279342257690872,0.00015657475712408707
Oribacterium_sinus,0.6231762238821174,0.009093611364869109,0.011198275736501156
Rothia_amarae,,0.0,0.0
Dioscorea_elephantipes,,0.0,0.0
Anaeroglobus_geminatus,0.12122450301291662,0.0008086029314080302,0.0027248811748029162
Granulicatella_elegans,0.4055023001299908,0.005666873809046496,0.008163810459830828
Psychrobacter_celer,,0.0,0.0
Mobiluncus_curtisii,0.45150957147227055,0.00011267835533745458,0.00015196828871012947
Bacteroides_zoogleoformans,0.20833320187793047,2.4019993397963866e-05,5.920004828249456e-06
Illicium_oligandrum,,0.0,0.0
Leptotrichia_shahii,0.3074894566186813,0.0037692575908664545,0.002804892659045909
Acholeplasma_cavigenitalium,,2.690001571082503e-06,0.0
Desulfovibrio_desulfuricans,,0.0,0.0
